primaryKey	main
key_1408408	[]
key_1749899	[]
key_2016901	[]
key_1749892	[]
key_1597932	[]
key_1407962	[]
key_1750503	[]
key_1360935	[]
key_2019235	[]
key_1749960	[]
key_1361468	[]
key_1408062	[22204:CAGAA]
key_1597890	[22339:GCTGGT]
key_1682849	[]
key_1408805	[]
key_1750868	[]
key_2019350	[]
key_2017036	[]
key_1599113	[]
key_2214128	[]
key_2408472	[]
key_830864	[]
key_581968	[]
key_2213804	[25701:CCC]
key_2405276	[]
key_2213934	[]
key_2213984	[25701:CCC]
key_2574088	[25701:CCC]
key_2544226	[]
key_2360326	[]
key_2379651	[]
key_1036103	[]
key_931279	[]
key_931031	[]
key_1273458	[25701:CCC]
key_1273715	[]
key_737604	[]
key_1129663	[]
key_1003629	[]
key_737715	[]
key_1003036	[5959:TAT]
key_899762	[]
key_899725	[]
key_1195052	[]
key_1003519	[]
key_1003010	[]
key_1119584	[]
key_1002052	[]
key_466942	[]
key_1003849	[]
key_768148	[25701:CCC]
key_1080536	[]
key_1002156	[]
key_1119315	[]
key_1004495	[25701:CCC]
key_1001920	[]
key_1131102	[]
key_1003373	[]
key_721941	[]
key_1130868	[25701:CCC]
key_1003425	[]
key_737860	[]
key_1001493	[]
key_1260480	[]
key_1747885	[]
key_1747752	[]
key_1005148	[25701:CCC]
key_1748243	[]
key_1748215	[]
key_1748395	[]
key_1760534	[]
key_2086867	[25701:CCC]
key_1840634	[]
key_2180995	[]
key_2181005	[]
key_2180023	[25701:CCC]
key_2270139	[]
key_2544452	[]
key_2544332	[25701:CCC]
key_2307766	[]
key_2375490	[]
key_2374969	[25701:CCC]
key_2307888	[]
key_2375247	[25701:CCC]
key_2308054	[]
key_2375165	[]
key_2375097	[]
key_3128737	[]
key_3128811	[]
key_3086369	[25701:CCC]
key_3259931	[]
key_3267832	[]
key_3128796	[25701:CCC]
key_3016465	[]
key_3247294	[]
key_3578231	[25701:CCC,5959:TAT]
key_3465732	[]
key_2367431	[]
key_3465556	[]
key_2359636	[25701:CCC]
